customer_id,predictions,churn_probability
1194-HVAIF,0,0.3924868946776751
2194-IIQOF,0,0.017569514541511944
6738-ISCBM,0,0.09618904611766392
4609-KNNWG,0,0.1068538310830542
7064-JHXCE,0,0.025702957773731997
4958-GZWIY,0,0.34477352721919174
1904-WAJAA,0,0.20158673660773374
9874-QLCLH,1,0.6484825107343067
1282-IHQAC,0,0.018330840903134228
6834-NXDCA,0,0.288791098030053
0723-VSOBE,0,0.09249876465013133
1402-PTHGN,0,0.1500085175308146
6416-JNVRK,0,0.05002125264933122
5593-SUAOO,0,0.4237773627315491
1775-KWJKQ,0,0.01683926559948122
0820-FNRNX,0,0.15559978430056137
6635-MYYYZ,0,0.09510192213208038
0314-TKOSI,0,0.2286066876672232
3556-BVQGL,0,0.139323029248692
2592-SEIFQ,0,0.3847787300411711
3584-WKTTW,0,0.29812315840494535
9063-ZGTUY,0,0.026807107553743173
6860-YRJZP,1,0.7227081318988651
1821-BUCWY,0,0.09510192213208038
9777-IQHWP,0,0.11556844722830358
2001-MCUUW,0,0.34518398673884587
5590-YRFJT,0,0.23083062782163202
3675-EQOZA,0,0.236313064668572
6198-RTPMF,1,0.6484825107343067
1342-JPNKI,1,0.5738172733675464
9500-LTVBP,0,0.31379643307226285
0650-BWOZN,1,0.6385740956082743
2347-WKKAE,0,0.3852088165473703
1866-ZSLJM,0,0.1342236740496569
6303-KFWSL,0,0.16904915255639325
1335-HQMKX,0,0.14637198327788606
7025-IWFHT,0,0.39548773206123056
6253-GNHWH,0,0.017569514541511944
3717-FDJFU,0,0.236313064668572
5288-AHOUP,1,0.7050670806480704
3623-FQBOX,0,0.1342236740496569
5136-KCKGI,0,0.332690785613822
8455-HIRAQ,0,0.21373025620441935
7103-ZGVNT,0,0.019124515038408212
9046-DQMTP,0,0.07807113499171692
0924-BJCRC,0,0.2235659206692204
7029-RPUAV,0,0.49876961959290106
9283-LZQOH,1,0.5418662669258109
8398-TBIYD,0,0.08466084751657292
7409-JURKQ,0,0.17365551814755334
3987-KQDDU,1,0.7227081318988651
4234-XTNEA,1,0.7790776041846639
0125-LZQXK,1,0.6679139846968821
9108-EQPNQ,0,0.19957144301982704
5995-OIGLP,0,0.18612855819238305
1709-EJDOX,0,0.04800811041056025
9605-WGJVW,1,0.7864224433943903
2799-ARNLO,1,0.7559707243729012
6352-GIGGQ,0,0.020814225980072338
7781-HVGMK,0,0.01683926559948122
1133-KXCGE,0,0.1500085175308146
4623-ZKHLY,0,0.12928292457495782
5087-SUURX,0,0.24652412289949915
3259-QMXUN,0,0.05493861420358614
0224-NIJLP,0,0.21373025620441935
3319-DWOEP,1,0.7479143478623443
5872-OEQNH,0,0.05062188118815509
4450-YOOHP,0,0.0665069355597691
1066-JKSGK,0,0.2688980045792686
5336-UFNZP,0,0.188317488479466
1941-HOSAM,1,0.7864224433943903
1763-WQFUK,0,0.25225705227743905
4092-OFQZS,0,0.139323029248692
2061-VVFST,0,0.07207541357438611
2649-HWLYB,0,0.022649780844750198
1936-CZAKF,0,0.04421045848198744
2718-YSKCS,0,0.017569514541511944
7841-TZDMQ,0,0.2604914619161556
2393-DIVAI,0,0.25225705227743905
6032-IGALN,0,0.2688980045792686
0549-CYCQN,0,0.18640387898537794
6175-IRFIT,1,0.6256072389653914
4102-HLENU,0,0.020814225980072338
8464-EETCQ,0,0.03170275209119698
9730-DRTMJ,0,0.08792300288570193
5092-STPKP,0,0.11986558037618388
4918-QLLIW,0,0.25225705227743905
4236-XPXAV,1,0.6256072389653914
1049-FYSYG,0,0.15559978430056137
7279-NMVJC,0,0.15559978430056137
3733-LSYCE,1,0.520355813189128
8069-YQQAJ,0,0.17339501386615364
7209-JCUDS,1,0.7139691162151873
1550-LOAHA,0,0.34234867947175024
3547-LQRIK,0,0.08549778256842645
2324-AALNO,0,0.046072059241014186
5673-TIYIB,0,0.2604914619161556
6576-FBXOJ,0,0.25463512112843584
0999-QXNSA,0,0.22107887045047342
6366-XIVKZ,0,0.17967370610722466
3977-QCRSL,0,0.236313064668572
8129-GMVGI,0,0.03305589695324805
8164-OCKUJ,0,0.029155423653399824
5868-CZJDR,0,0.2688980045792686
1084-MNSMJ,0,0.040700374039141785
0121-SNYRK,0,0.04242073307889192
6921-OZMFH,0,0.236313064668572
7601-WFVZV,0,0.2688980045792686
7054-ENNGU,0,0.20656113162552295
6476-EPYZR,0,0.18612855819238305
0958-YHXGP,1,0.6051636488126233
5565-FILXA,1,0.6582646563748488
6691-CCIHA,0,0.046627595466394944
8859-AXJZP,0,0.0665069355597691
4923-ADWXJ,0,0.11538291350579993
3407-JMJQQ,0,0.08806877744156029
4102-OQUPX,1,0.7864224433943903
6319-IEJWJ,1,0.6184066759385842
3801-HMYNL,1,0.6651203923446822
5439-WIKXB,0,0.39548773206123056
9560-BBZXK,0,0.07501825096785827
9127-FHJBZ,0,0.14637198327788606
2499-AJYUA,0,0.08466084751657292
7938-OUHIO,1,0.7715535523550988
1703-MGIAB,0,0.15559978430056137
5298-GSTLM,0,0.1344348993756857
4822-YCXMX,1,0.566311148262075
8510-AWCXC,1,0.6867901117287302
0122-OAHPZ,1,0.7396835854033453
1258-YMZNM,0,0.3924868946776751
3776-EKTKM,0,0.40542192148011913
9651-GTSAQ,0,0.17365551814755334
4795-WRNVT,0,0.06387492598648281
9490-DFPMD,0,0.3852088165473703
7033-CLAMM,0,0.046072059241014186
9964-WBQDJ,0,0.017569514541511944
4135-FRWKJ,0,0.06206789443896348
5968-VXZLG,0,0.2604914619161556
0520-FDVVT,0,0.31379643307226285
3096-YXENJ,0,0.11122617363017386
9274-CNFMO,1,0.7638509234302494
0618-XWMSS,0,0.3822366568056084
7340-KEFQE,0,0.040700374039141785
8314-DPQHL,0,0.20656113162552295
7639-LIAYI,0,0.039046938666473914
5117-IFGPS,1,0.5234918627301502
4488-KQFDT,0,0.2161575787983916
6732-VAILE,0,0.018330840903134228
3635-JBPSG,0,0.16729098582425475
0682-USIXD,1,0.6081627473714756
6810-VCAEX,0,0.04800811041056025
5366-IJEQJ,1,0.6184066759385842
3097-NNSPB,0,0.2604914619161556
5495-GPSRW,0,0.139323029248692
3174-AKMAS,0,0.05002125264933122
1231-YNDEK,0,0.030403256644551315
0463-TXOAK,0,0.039046938666473914
3146-JTQHR,0,0.19957144301982704
6506-EYCNH,0,0.10280093414769577
7055-VKGDA,0,0.16754417834029062
8217-QYOHV,0,0.236313064668572
3068-OMWZA,1,0.7864224433943903
0315-LVCRK,1,0.7050670806480704
5206-XZZQI,0,0.17365551814755334
3096-GKWEB,1,0.6385740956082743
0378-NHQXU,1,0.6484825107343067
8490-BXHEO,0,0.48797321066363764
4912-PIGUY,1,0.7864224433943903
9995-HOTOH,0,0.04474460045045638
8582-KRHPJ,0,0.04242073307889192
6143-JQKEA,0,0.19957144301982704
4029-HPFVY,1,0.6456121872768162
4404-HIBDJ,0,0.11538291350579993
3519-ZKXGG,1,0.7715535523550988
7916-VCCPB,1,0.5095671759802481
4464-JCOLN,0,0.2604914619161556
2530-FMFXO,0,0.2549800291923446
6778-EICRF,0,0.11986558037618388
6671-NGWON,0,0.22107887045047342
5756-OZRIO,0,0.026807107553743173
7176-WRTNX,0,0.09160016168452648
4667-OHGKG,0,0.2688980045792686
2294-SALNE,0,0.4343583237304072
0052-DCKON,0,0.10702730948155079
2446-ZKVAF,0,0.1500085175308146
3911-RSNHI,0,0.017569514541511944
1810-BOHSY,0,0.18640387898537794
6397-JNZZG,0,0.05655059980006469
3402-XRIUO,0,0.12928292457495782
0567-GGCAC,0,0.34477352721919174
6692-UDPJC,1,0.6774243686741674
6261-LHRTG,0,0.11104673572828049
1518-OMDIK,0,0.08452019107096602
6729-GDNGC,0,0.4664240428634939
5018-HEKFO,0,0.19957144301982704
4583-PARNH,1,0.6582646563748488
1447-GIQMR,1,0.7864224433943903
2077-MPJQO,1,0.7396835854033453
2952-QAYZF,1,0.7559707243729012
3404-JNXAX,0,0.29812315840494535
4683-WYDOU,0,0.12469601515828768
4184-TJFAN,1,0.6456121872768162
2325-NBPZG,1,0.7715535523550988
6680-NENYN,0,0.37503131624485425
3982-DQLUS,0,0.188317488479466
0310-MVLET,0,0.2161575787983916
1926-QUZNN,0,0.01683926559948122
1423-BMPBQ,0,0.2688980045792686
8111-RKSPX,1,0.6356683203125503
5345-BMKWB,0,0.21373025620441935
7593-XFKDI,0,0.2688980045792686
8565-HBFNN,0,0.09525835607960839
8155-IBNHG,0,0.4237773627315491
3714-XPXBW,0,0.07207541357438611
3365-SAIGS,1,0.6484825107343067
6142-VSJQO,0,0.2688980045792686
8909-BOLNL,0,0.25225705227743905
9163-GHAYE,0,0.2713760155518512
6877-LGWXO,1,0.6385740956082743
5461-QKNTN,0,0.37503131624485425
5447-VYTKW,0,0.1068538310830542
0380-ZCSBI,0,0.19957144301982704
7743-EXURX,0,0.3350820808137304
1872-EBWSC,0,0.09888474144270362
6537-OTKMY,0,0.2713760155518512
8465-SBRXP,0,0.28658776969790284
4472-VESGY,0,0.17994158990183862
5816-QVHRX,0,0.2954999636964309
6980-CDGFC,0,0.020814225980072338
6285-FTQBF,0,0.01683926559948122
3988-RQIXO,1,0.7864224433943903
4322-RCYMT,0,0.019951854617972185
2951-QOQTK,1,0.6356683203125503
4742-TXUEX,0,0.04800811041056025
9477-LGWQI,0,0.018330840903134228
9938-PRCVK,0,0.06134023358766081
0691-IFBQW,0,0.34518398673884587
0530-IJVDB,0,0.1574991651676763
6292-TOSSS,0,0.04242073307889192
0023-UYUPN,0,0.07589505070980725
7714-YXSMB,0,0.40283276639616905
4828-FAZPK,1,0.5095671759802481
0016-QLJIS,0,0.022649780844750198
7951-QKZPL,0,0.08452019107096602
0730-KOAVE,0,0.36205514272353817
2988-QRAJY,0,0.09525835607960839
2673-CXQEU,0,0.2549800291923446
4541-RMRLG,0,0.34477352721919174
9823-EALYC,0,0.01683926559948122
6701-YVNQG,0,0.01683926559948122
3133-PZNSR,0,0.08466084751657292
5716-LIBJC,1,0.5418662669258109
5966-EMAZU,0,0.11556844722830358
3315-IKYZQ,0,0.10280093414769577
3422-LYEPQ,1,0.7864224433943903
0201-MIBOL,0,0.10702730948155079
2685-SREOM,1,0.566311148262075
9060-HJJRW,0,0.040700374039141785
8480-PPONV,0,0.12469601515828768
0742-NXBGR,1,0.7864224433943903
3807-BPOMJ,0,0.2632720290193126
0366-NQSHS,0,0.2604914619161556
1813-JYWTO,0,0.08466084751657292
5602-BVFMK,0,0.18612855819238305
2101-RANCD,0,0.2632720290193126
5914-XRFQB,0,0.08466084751657292
2267-WTPYD,0,0.15024027257379474
1131-QQZEB,0,0.017569514541511944
2108-GLPQB,0,0.11538291350579993
6813-GZQCG,0,0.052114191517992715
3223-DWFIO,1,0.7638509234302494
3301-VKTGC,0,0.09904671670200077
0607-MVMGC,0,0.052114191517992715
8910-ICHIU,0,0.22139182648104383
8945-MUQUF,0,0.29812315840494535
5956-YHHRX,1,0.6081627473714756
4013-GUXND,0,0.2688980045792686
1670-SVOWZ,1,0.5311254978139569
4311-QTTAI,0,0.16135989166631987
5510-BOIUJ,0,0.2688980045792686
7234-KMNRQ,0,0.2441969865188569
5915-ANOEI,0,0.018330840903134228
4398-HSCJH,0,0.3847787300411711
9593-CVZKR,0,0.03305589695324805
9850-OWRHQ,1,0.6456121872768162
5839-SUYVZ,1,0.5095671759802481
5747-PMBSQ,1,0.5738172733675464
8245-UMPYT,1,0.6582646563748488
6218-KNUBD,0,0.35459579258663954
4537-DKTAL,0,0.395053543667773
5626-MGTUK,0,0.4664240428634939
8200-LGKSR,0,0.03209085217962555
5260-UMPWX,0,0.11104673572828049
2190-PHBHR,0,0.08466084751657292
5389-FFVKB,0,0.34234867947175024
1304-SEGFY,0,0.14637198327788606
9601-BRXPO,0,0.41326583646896603
7460-ITWWP,0,0.3550116099351555
7233-PAHHL,0,0.021713045481613708
9405-GPBBG,0,0.11556844722830358
9420-LOJKX,1,0.520355813189128
2135-DQWAQ,1,0.6256072389653914
1894-IGFSG,1,0.5978226636062309
5133-POWUA,0,0.2688980045792686
7446-SFAOA,0,0.07207541357438611
3318-NMQXL,1,0.7715535523550988
5980-BDHPY,0,0.01683926559948122
3223-WZWJM,1,0.5556735414050378
8601-QACRS,0,0.236313064668572
5393-HJZSM,0,0.08792300288570193
6873-UDNLD,0,0.11229350868921442
1384-RCUXW,1,0.5095671759802481
2843-CQMEG,0,0.11986558037618388
1240-KNSEZ,0,0.2688980045792686
5451-MHQOF,0,0.03305589695324805
2359-QWQUL,0,0.277838360722666
8058-INTPH,1,0.7864224433943903
2207-OBZNX,0,0.22107887045047342
7131-ZQZNK,0,0.027957328431414467
0455-XFASS,1,0.7715535523550988
7688-AWMDX,0,0.017569514541511944
1545-JFUML,0,0.15185192070300577
5449-FIBXJ,1,0.6285463673560624
5175-WLYXL,0,0.44499944818108994
0442-TDYUO,0,0.046072059241014186
2378-YIZKA,0,0.019951854617972185
2400-XIWIO,0,0.03209085217962555
1555-DJEQW,0,0.09160016168452648
9050-QLROH,0,0.48797321066363764
7519-JTWQH,0,0.09525835607960839
7379-FNIUJ,1,0.7790776041846639
6383-ZTSIW,0,0.277838360722666
2240-HSJQD,0,0.28658776969790284
9661-MHUMO,0,0.2688980045792686
1230-QAJDW,0,0.25225705227743905
9680-NIAUV,0,0.08466084751657292
4816-OKWNX,0,0.19304361733615416
7754-IXRMC,0,0.2688980045792686
1728-BQDMA,0,0.395053543667773
2823-LKABH,0,0.48797321066363764
0151-ONTOV,1,0.6651203923446822
7094-MSZAO,0,0.19957144301982704
4803-AXVYP,0,0.42684934517591616
5524-KHNJP,0,0.08452019107096602
2519-LBNQL,0,0.2235659206692204
0260-ZDLGK,0,0.20656113162552295
6416-YJTTB,1,0.5632217785760338
8535-SFUTN,0,0.2161575787983916
3043-TYBNO,0,0.25225705227743905
3727-OWVYD,0,0.07807113499171692
5616-PRTNT,0,0.23083062782163202
6319-QSUSR,0,0.19276081308093906
6296-DDOOR,0,0.23858878654061935
8559-WNQZS,0,0.2688980045792686
5656-MJEFC,0,0.05889979466480177
1830-GGFNM,0,0.11122617363017386
9470-YFUYI,0,0.017569514541511944
8069-RHUXK,0,0.020814225980072338
0168-XZKBB,1,0.6285463673560624
7730-CLDSV,0,0.08466084751657292
3373-DIUUN,0,0.09510192213208038
8631-WUXGY,0,0.34518398673884587
1385-TQOZW,0,0.20656113162552295
6211-WHMYA,0,0.042934223254408405
8067-NIOYM,0,0.11986558037618388
5619-XZZKR,0,0.2441969865188569
0536-ACXIP,0,0.14637198327788606
0628-CNQRM,0,0.12928292457495782
5536-RTPWK,0,0.19986176542321216
1310-QRITU,0,0.24652412289949915
9603-OAIHC,1,0.7864224433943903
9334-GWGOW,1,0.7396835854033453
8348-HFYIV,0,0.395053543667773
2921-XWDJH,0,0.42684934517591616
1106-HRLKZ,0,0.06387492598648281
7641-TQFHN,0,0.277838360722666
8454-AATJP,0,0.08466084751657292
7825-ECJRF,1,0.6285463673560624
9786-YWNHU,0,0.02464313487867964
0939-YAPAF,0,0.4588103681267325
9738-QLWTP,0,0.4163166732603229
0621-JFHOL,0,0.19957144301982704
0495-ZBNGW,1,0.6256072389653914
0536-ESJEP,0,0.035931399616496246
2676-SSLTO,0,0.04421045848198744
3748-FVMZZ,0,0.37460566909393667
3027-YNWZU,0,0.023625952494041355
3528-HFRIQ,0,0.017569514541511944
2876-VBBBL,0,0.2688980045792686
4524-QCSSM,0,0.11104673572828049
4895-TMWIR,0,0.19276081308093906
4277-PVRAN,1,0.5947971531561791
4581-LNWUM,0,0.288791098030053
0704-VCUMB,0,0.026807107553743173
7073-QETQY,0,0.0395212755786864
6196-HBOBZ,0,0.188317488479466
3442-ZHHCC,0,0.019951854617972185
7398-HPYZQ,0,0.017569514541511944
6331-EWIEB,1,0.6184066759385842
3967-KXAPS,0,0.01683926559948122
5196-SGOAK,1,0.7864224433943903
3705-PSNGL,0,0.09249876465013133
8481-YYXWG,1,0.7559707243729012
5032-USPKF,0,0.06923937721801132
4656-CAURT,0,0.019124515038408212
4565-NLZBV,0,0.017569514541511944
8884-ADFVN,1,0.7396835854033453
2209-XADXF,0,0.2688980045792686
8132-YPVBX,1,0.6154364045421223
5777-KJIRB,0,0.06387492598648281
6097-EQISJ,0,0.10702730948155079
5546-QUERU,0,0.17967370610722466
2676-OXPPQ,0,0.2286066876672232
7123-WQUHX,0,0.28658776969790284
3229-USWAR,0,0.08123734550077967
9987-LUTYD,0,0.17967370610722466
1820-TQVEV,1,0.7864224433943903
2167-FQSTQ,0,0.03077595413492522
2103-ZRXFN,0,0.2688980045792686
1025-FALIX,0,0.40283276639616905
0022-TCJCI,0,0.052114191517992715
4735-BJKOU,0,0.06387492598648281
6281-FKEWS,0,0.09618904611766392
2195-ZRVAX,0,0.33548691005381615
7547-EKNFS,0,0.25259983082764725
5837-LXSDN,0,0.1342236740496569
9509-MPYOD,0,0.07807113499171692
9620-QJREV,0,0.04800811041056025
9871-ELEYA,0,0.08123734550077967
0744-BIKKF,0,0.01683926559948122
4078-SAYYN,1,0.7050670806480704
8739-WWKDU,1,0.566311148262075
6178-KFNHS,1,0.6960059547644504
4819-HJPIW,0,0.1500085175308146
1453-RZFON,0,0.2688980045792686
8317-BVKSO,0,0.28000082324865266
7272-QDCKA,1,0.5342541574603202
1750-CSKKM,0,0.3255277128512661
6122-LJADA,0,0.018330840903134228
2967-MXRAV,0,0.2688980045792686
3207-OYBWH,0,0.15024027257379474
9381-NDKME,0,0.11986558037618388
0201-OAMXR,0,0.09160016168452648
3800-LYTRK,0,0.17339501386615364
6845-RGTYS,0,0.33548691005381615
0365-GXEZS,1,0.6385740956082743
5396-IZEPB,0,0.20656113162552295
0322-YINQP,0,0.2688980045792686
5271-YNWVR,0,0.1693044650123906
8224-UAXBZ,0,0.05493861420358614
7089-XXAYG,0,0.11538291350579993
3887-PBQAO,0,0.052114191517992715
4859-ZSRDZ,0,0.030403256644551315
7989-AWGEH,0,0.07898056958133495
2187-PKZAY,1,0.5525682647622944
0913-XWSCN,0,0.16160584967165367
9025-ZRPVR,0,0.20656113162552295
9592-ERDKV,0,0.07207541357438611
8869-TORSS,0,0.046072059241014186
8345-MVDYC,0,0.052114191517992715
8901-HJXTF,0,0.18612855819238305
7905-TVXTA,0,0.3645422001759194
4307-KWMXE,0,0.31611625509093494
2959-MJHIC,1,0.7638509234302494
0601-WZHJF,0,0.28000082324865266
3845-JHAMY,0,0.16135989166631987
6082-OQFBA,0,0.12449789072905004
3266-FTKHB,0,0.15559978430056137
8204-TIFGJ,0,0.12449789072905004
7611-YKYTC,0,0.44499944818108994
4450-MDZFX,0,0.1344348993756857
2656-FMOKZ,1,0.520355813189128
0594-UFTUL,0,0.17967370610722466
9570-KYEUA,0,0.11556844722830358
4971-PUYQO,0,0.3924868946776751
9495-SKLKD,0,0.22892716805819974
7395-XWZOY,0,0.139323029248692
8250-ZNGGW,0,0.236313064668572
2405-LBMUW,0,0.026807107553743173
2162-FRZAA,0,0.02464313487867964
3811-VBYBZ,1,0.7396835854033453
5701-YVSVF,1,0.7050670806480704
5317-FLPJF,0,0.021713045481613708
0902-RFHOF,0,0.06923937721801132
2957-LOLHO,0,0.18612855819238305
6339-DKLMK,0,0.288791098030053
6586-MYGKD,0,0.018330840903134228
9019-QVLZD,1,0.7864224433943903
9889-TMAHG,1,0.5947971531561791
4597-NUCQV,1,0.5768879999095754
2234-XADUH,0,0.08466084751657292
2150-WLKUW,0,0.06387492598648281
8984-EYLLL,0,0.19500905206820832
5385-SUIRI,0,0.2891643225331925
4138-NAXED,0,0.18640387898537794
4318-RAJVY,0,0.19957144301982704
2535-PBCGC,0,0.018330840903134228
5875-YPQFJ,1,0.7864224433943903
0415-MOSGF,0,0.2688980045792686
2274-XUATA,0,0.01683926559948122
7517-SAWMO,1,0.6285463673560624
4710-FDUIZ,0,0.1558385938079918
0570-BFQHT,1,0.7227081318988651
3200-MNQTF,0,0.020814225980072338
2239-JALAW,0,0.14480856532751665
2984-AFWNC,1,0.7715535523550988
4951-UKAAQ,1,0.7638509234302494
0580-PIQHM,0,0.2608415265056009
3870-MQAMG,0,0.2717353326065262
2885-HIJDH,0,0.019124515038408212
0319-QZTCO,0,0.25225705227743905
6233-HXJMX,0,0.22892716805819974
0114-PEGZZ,0,0.48032443005951064
7993-PYKOF,1,0.7312806390961939
8231-BSWXX,0,0.08806877744156029
7359-PTSXY,0,0.40542192148011913
0487-RPVUM,0,0.12948753760659212
4374-YMUSQ,0,0.323171462156772
4712-UYOOI,0,0.23083062782163202
8707-HOEDG,0,0.1574991651676763
6986-IXNDM,1,0.6774243686741674
4184-VODJZ,0,0.20187925130026013
5133-VRSAB,0,0.21373025620441935
9763-PDTKK,1,0.6356683203125503
9770-LXDBK,0,0.25225705227743905
9780-FKVVF,0,0.2286066876672232
3074-GQWYX,1,0.6256072389653914
3391-JSQEW,0,0.06387492598648281
6986-IJDHX,0,0.277838360722666
3736-BLEPA,0,0.3822366568056084
1202-KKGFU,0,0.18612855819238305
1302-TPUBN,0,0.021713045481613708
0419-YAAPX,0,0.19986176542321216
6502-MJQAE,1,0.7864224433943903
6766-HFKLA,0,0.1558385938079918
5060-TQUQN,0,0.36205514272353817
2018-PZKMU,1,0.7227081318988651
0939-EREMR,0,0.17967370610722466
1047-RNXZV,0,0.05655059980006469
4919-IKATY,1,0.7559707243729012
3208-YPIOE,0,0.4163166732603229
5057-LCOUI,0,0.11667198109752466
1976-AZZPJ,0,0.22107887045047342
2262-SLNVK,1,0.7864224433943903
4353-HYOJD,0,0.1068538310830542
2789-CZANW,0,0.11556844722830358
9277-JOOMO,0,0.25225705227743905
2616-FLVQC,0,0.023625952494041355
3393-FMZPV,1,0.566311148262075
1089-HDMKP,0,0.30685310372755253
1481-ZUWZA,0,0.3822366568056084
3067-SVMTC,0,0.019951854617972185
2359-KLTEK,0,0.2608415265056009
0929-HYQEW,0,0.25225705227743905
1100-DDVRV,0,0.15559978430056137
0258-NOKBL,1,0.7715535523550988
4090-KPJIP,1,0.7715535523550988
7228-OMTPN,1,0.7638509234302494
8048-DSDFQ,0,0.2688980045792686
5268-DSMNQ,0,0.12469601515828768
3973-SKMLN,0,0.017569514541511944
7524-VRLPL,0,0.019124515038408212
0219-QAERP,0,0.09510192213208038
3423-HHXAO,0,0.17339501386615364
0064-YIJGF,0,0.3924868946776751
6181-AXXYF,0,0.01683926559948122
5681-LLOEI,0,0.24453239441003638
8660-BUETV,0,0.25225705227743905
1794-SWWKL,0,0.16729098582425475
8393-JMVMB,0,0.2688980045792686
1972-XMUWV,0,0.022649780844750198
6993-YCOBK,0,0.2235659206692204
6839-ITVZJ,0,0.1880399945109941
0786-IVLAW,0,0.10702730948155079
3077-RSNTJ,0,0.2286066876672232
6551-GNYDG,1,0.5311254978139569
1930-QPBVZ,0,0.09904671670200077
8499-BRXTD,0,0.1500085175308146
6762-NSODU,0,0.05002125264933122
9885-AIBVB,1,0.5234918627301502
3689-MOZGR,0,0.16904915255639325
7465-ZZRVX,1,0.7864224433943903
6620-JDYNW,0,0.1500085175308146
3372-CDXFJ,0,0.17967370610722466
1842-EZJMK,0,0.3072395870091933
7109-MFBYV,0,0.1880399945109941
9298-WGMRW,0,0.08466084751657292
1585-MQSSU,0,0.15559978430056137
7872-RDDLZ,0,0.037913847440233114
9033-EOXWV,0,0.18612855819238305
4979-HPRFL,0,0.03305589695324805
3482-ABPKK,0,0.10280093414769577
1987-AUELQ,0,0.017569514541511944
3569-VLDHH,0,0.0395212755786864
8932-CZHRQ,0,0.019951854617972185
2754-XBHTB,1,0.5843454252430842
6288-CHQJB,0,0.035931399616496246
1927-QEWMY,0,0.01683926559948122
4116-TZAQJ,1,0.5843454252430842
8203-XJZRC,0,0.2688980045792686
6933-VLYFX,0,0.15725828502247344
6734-PSBAW,0,0.01683926559948122
9430-NKQLY,0,0.01683926559948122
4713-LZDRV,1,0.7790776041846639
4749-OJKQU,1,0.7638509234302494
8707-RMEZH,0,0.09525835607960839
7567-ECMCM,0,0.4237773627315491
8007-YYPWD,0,0.16729098582425475
6179-GJPSO,0,0.24453239441003638
1792-UXAFY,1,0.6484825107343067
6579-JPICP,0,0.2688980045792686
5442-XSDCW,1,0.5632217785760338
7850-VWJUU,0,0.4343583237304072
1468-DEFNC,0,0.023625952494041355
8779-QRDMV,0,0.40542192148011913
6137-NICCO,1,0.6154364045421223
2845-AFFTX,0,0.39548773206123056
0754-UKWQP,1,0.7790776041846639
7554-NEWDD,0,0.19957144301982704
5227-JSCFE,0,0.017569514541511944
8128-YVJRG,1,0.6051636488126233
8374-XGEJJ,0,0.37503131624485425
9959-WOFKT,0,0.08806877744156029
9079-LWTFD,0,0.21403566811737645
7602-MVRMB,0,0.08466084751657292
7729-JTEEC,0,0.395053543667773
7665-TOALD,1,0.7864224433943903
7727-SHVZV,0,0.20656113162552295
6368-NWMCE,0,0.06923937721801132
7225-CBZPL,1,0.6484825107343067
8818-DOPVL,0,0.34518398673884587
5934-RMPOV,1,0.5978226636062309
3721-CNZHX,0,0.16729098582425475
9189-JWSHV,1,0.5768879999095754
8058-JMEQO,1,0.7227081318988651
8980-WQFWL,0,0.1356909451642629
8775-ERLNB,1,0.7864224433943903
2812-ENYMO,0,0.11104673572828049
3799-ISUZQ,1,0.6051636488126233
2576-HXMPA,0,0.2688980045792686
7721-DVEKZ,0,0.2688980045792686
0428-IKYCP,0,0.44499944818108994
0898-XCGTF,0,0.12948753760659212
2081-VEYEH,1,0.7715535523550988
6598-KELSS,0,0.04242073307889192
2697-NQBPF,0,0.46955325424387223
2000-MPKCA,0,0.23891892648949212
1028-FFNJK,1,0.5127077075950974
8873-TMKGR,0,0.09888474144270362
3943-KDREE,0,0.40283276639616905
9199-PWQVC,0,0.02464313487867964
0637-UBJRP,1,0.6867901117287302
9844-FELAJ,0,0.1574991651676763
4829-AUOAX,0,0.22139182648104383
4628-WQCQQ,0,0.4588103681267325
5780-INQIK,0,0.3350820808137304
0196-JTUQI,1,0.5843454252430842
5108-ADXWO,1,0.7050670806480704
7382-DFJTU,0,0.1500085175308146
4616-EWBNJ,0,0.16135989166631987
5084-OOVCJ,0,0.15559978430056137
5180-UCIIQ,0,0.12928292457495782
3627-FHKBK,1,0.6651203923446822
0379-DJQHR,0,0.020814225980072338
1915-IOFGU,1,0.7864224433943903
5293-WXJAK,1,0.5632217785760338
6861-OKBCE,0,0.19276081308093906
1658-BYGOY,1,0.6385740956082743
6087-MVHJH,1,0.6582646563748488
7883-ROJOC,0,0.1445837634176073
9305-CDSKC,1,0.7312806390961939
6954-OOYZZ,0,0.1500085175308146
8573-JGCZW,0,0.15559978430056137
6559-ILWKJ,0,0.03209085217962555
5380-XPJNZ,0,0.06923937721801132
9094-AZPHK,1,0.6679139846968821
5380-AFSSK,1,0.6256072389653914
4211-MMAZN,0,0.2688980045792686
6060-DRTNL,1,0.6256072389653914
2361-FJWNO,0,0.06387492598648281
8095-WANWK,0,0.19957144301982704
4304-XUMGI,0,0.04242073307889192
1550-EENBN,1,0.5019117087770266
6158-DWPZT,0,0.20656113162552295
1450-GALXR,1,0.7139691162151873
0136-IFMYD,0,0.16331598599239316
5828-AVIPD,1,0.6285463673560624
1723-HKXJQ,0,0.3852088165473703
6728-WYQBC,0,0.2688980045792686
0434-CSFON,0,0.33548691005381615
1587-FKLZB,0,0.10702730948155079
6625-UTXEW,0,0.2977432141214943
9677-AVKED,0,0.06729149356403015
6035-RIIOM,0,0.16754417834029062
2990-OGYTD,0,0.020814225980072338
6551-VLJMV,0,0.08123734550077967
5067-XJQFU,0,0.18180368242640804
0872-CASZJ,0,0.029155423653399824
9498-FIMXL,0,0.21373025620441935
8457-XIGKN,0,0.139323029248692
6848-YLDFR,0,0.030403256644551315
5183-SNMJQ,1,0.5738172733675464
7483-IQWIB,0,0.4374487785795983
2486-WYVVE,0,0.09144912802469732
7893-IXHRQ,0,0.40542192148011913
5702-SKUOB,0,0.2441969865188569
6103-QCKFX,0,0.05428969651104287
6923-AQONU,0,0.12449789072905004
4701-MLJPN,0,0.15725828502247344
1297-VQDRP,0,0.09904671670200077
4652-NNHNY,1,0.5095671759802481
4692-NNQRU,1,0.6081627473714756
3580-GICBM,0,0.026807107553743173
5399-ZIMKF,1,0.7559707243729012
1936-UAFEH,0,0.09904671670200077
1074-WVEVG,0,0.029155423653399824
4678-DVQEO,0,0.40542192148011913
0816-TSPHQ,0,0.2604914619161556
3721-WKIIL,0,0.1068538310830542
1264-BYWMS,0,0.2632720290193126
8547-NSBBO,0,0.31379643307226285
6258-PVZWJ,0,0.019951854617972185
5789-LDFXO,0,0.20158673660773374
2507-QZPQS,1,0.6679139846968821
5947-SGKCL,1,0.520355813189128
9172-JITSM,1,0.5556735414050378
8800-JOOCF,1,0.6960059547644504
3750-RNQKR,0,0.18612855819238305
4927-WWOOZ,1,0.7790776041846639
2363-BJLSL,0,0.025702957773731997
7349-ALMUX,0,0.07207541357438611
6024-RUGGH,0,0.01683926559948122
0311-UNPFF,0,0.40283276639616905
3657-COGMW,0,0.17994158990183862
0876-WDUUZ,1,0.6256072389653914
1757-TCATG,0,0.07807113499171692
8169-SAEJD,0,0.019124515038408212
6776-TLWOI,0,0.25225705227743905
6746-WAUWT,0,0.1445837634176073
5186-SAMNZ,1,0.6651203923446822
4654-GGUII,0,0.1500085175308146
8066-POXGX,0,0.288791098030053
2308-STERM,0,0.2604914619161556
4402-FTBXC,0,0.16754417834029062
3061-BCKYI,0,0.17339501386615364
8270-RKSAP,1,0.7227081318988651
0723-FDLAY,0,0.05428969651104287
8898-KASCD,0,0.0665069355597691
5197-YPYBZ,0,0.18612855819238305
4020-KIUDI,0,0.2286066876672232
8659-IOOPU,0,0.15185192070300577
1704-NRWYE,1,0.7227081318988651
7931-PXHFC,0,0.06923937721801132
2465-BLLEU,0,0.2688980045792686
9524-EGPJC,1,0.6385740956082743
3719-TDVQB,0,0.035931399616496246
4598-XLKNJ,1,0.566311148262075
1705-GUHPV,0,0.02464313487867964
0129-KPTWJ,0,0.14637198327788606
4693-VWVBO,0,0.3847787300411711
6435-VWCCY,0,0.11122617363017386
6599-RCLCJ,0,0.33548691005381615
5294-DMSFH,0,0.37209015645613563
5930-GBIWP,0,0.019124515038408212
9626-VFRGG,0,0.2608415265056009
3292-PBZEJ,1,0.7050670806480704
8815-LMFLX,0,0.11538291350579993
8445-DNBAE,0,0.40542192148011913
8868-GAGIO,0,0.22892716805819974
1302-UHBDD,1,0.6184066759385842
2267-FPIMA,0,0.19304361733615416
7764-BDPEE,0,0.25225705227743905
0725-CXOTM,0,0.07501825096785827
7825-GKXMW,0,0.40542192148011913
6719-FGEDO,0,0.08466084751657292
9801-GDWGV,0,0.4163166732603229
4567-AKPIA,0,0.2608415265056009
5443-SCMKX,0,0.23891892648949212
1608-GMEWB,0,0.22892716805819974
3164-YAXFY,0,0.0572249065373232
2123-VSCOT,0,0.029155423653399824
6599-SFQVE,0,0.35459579258663954
3195-TQDZX,0,0.3847787300411711
2332-EFBJY,0,0.16135989166631987
3712-PKXZA,0,0.026807107553743173
5151-HQRDG,0,0.07207541357438611
5536-SLHPM,0,0.2632720290193126
8265-HKSOW,0,0.08466084751657292
3066-RRJIO,1,0.6651203923446822
8405-IGQFX,0,0.12005734389612685
4129-LYCOI,0,0.17546647910363788
8075-GXIUB,0,0.20656113162552295
2200-DSAAL,0,0.036369321789201055
8277-RVRSV,0,0.08452019107096602
4423-JWZJN,0,0.11556844722830358
0928-XUTSN,1,0.6867901117287302
1241-EZFMJ,0,0.026807107553743173
6437-UKHMV,1,0.7396835854033453
1624-WOIWJ,1,0.5738172733675464
6704-UTUKK,0,0.16904915255639325
2725-KXXWT,1,0.7864224433943903
0407-BDJKB,0,0.2235659206692204
5498-IBWPI,0,0.021713045481613708
3524-WQDSG,0,0.24453239441003638
6483-OATDN,0,0.21373025620441935
3170-GWYKC,0,0.1344348993756857
6925-BAYGL,0,0.03745805059140385
1732-FEKLD,0,0.16754417834029062
5504-WSIUR,0,0.09160016168452648
9258-CNWAC,0,0.08806877744156029
7632-MNYOY,0,0.10702730948155079
5909-ECHUI,0,0.40542192148011913
4006-HKYHO,0,0.02464313487867964
0107-YHINA,1,0.7864224433943903
9489-DEDVP,0,0.018330840903134228
1564-NTYXF,1,0.6867901117287302
7197-VOJMM,0,0.020814225980072338
9691-HKOVS,0,0.06206789443896348
3489-VSFRD,0,0.03305589695324805
8902-ZEOVF,0,0.04800811041056025
1492-QGCLU,0,0.06729149356403015
3022-BEXHZ,0,0.10296859120534638
7108-DGVUU,0,0.1342236740496569
4915-BFSXL,0,0.018330840903134228
6356-ELRKD,1,0.7864224433943903
4913-EHYUI,0,0.1558385938079918
5982-FPVQN,0,0.4374487785795983
9885-MFVSU,0,0.07807113499171692
4518-FZBSX,0,0.05889979466480177
8710-YGLWG,0,0.2688980045792686
9026-LHEVG,0,0.3255277128512661
0471-LVHGK,0,0.1080592507862204
1907-YLNYW,0,0.3350820808137304
1853-ARAAQ,0,0.11104673572828049
3191-CSNMG,1,0.7715535523550988
6967-PEJLL,0,0.12587430150636245
2905-KFQUV,1,0.6554317673162003
9725-SCPZG,1,0.7864224433943903
0356-ERHVT,0,0.19276081308093906
0840-DFEZH,1,0.7396835854033453
6828-HMKWP,0,0.18612855819238305
9350-VLHMB,0,0.10296859120534638
2460-NGXBJ,1,0.5632217785760338
2568-BRGYX,1,0.7638509234302494
5515-RUGKN,0,0.21373025620441935
2794-XIMMO,0,0.06729149356403015
4815-YOSUK,0,0.08466084751657292
7566-DSRLQ,0,0.14637198327788606
2999-AANRQ,0,0.1342236740496569
0831-JNISG,0,0.017569514541511944
0285-INHLN,0,0.1068538310830542
0374-IOEGQ,0,0.3847787300411711
0410-IPFTY,0,0.3521389898414163
6243-OZGFH,0,0.2086286107436561
5977-CKHON,0,0.24453239441003638
4682-BLBUC,0,0.09618904611766392
7449-HVPIV,0,0.16160584967165367
6326-MTTXK,1,0.7312806390961939
6908-VVYHM,0,0.188317488479466
0702-PGIBZ,1,0.7638509234302494
2122-YWVYA,1,0.6385740956082743
6418-HNFED,0,0.040700374039141785
7963-GQRMY,0,0.25225705227743905
4188-PCPIG,0,0.03170275209119698
2091-RFFBA,1,0.5019117087770266
7596-ZYWBB,0,0.022649780844750198
9369-XFEHK,0,0.332690785613822
3164-AALRN,0,0.236313064668572
5624-RYAMH,0,0.3255277128512661
0330-BGYZE,0,0.1344348993756857
4256-ZWTZI,0,0.236313064668572
4291-YZODP,0,0.22107887045047342
7480-QNVZJ,0,0.3072395870091933
7560-QJAVJ,0,0.018330840903134228
4572-DVCGN,1,0.5738172733675464
1272-ILHFG,0,0.16729098582425475
3884-UEBXB,0,0.020814225980072338
5760-IFJOZ,1,0.6456121872768162
5795-BKOYE,0,0.019124515038408212
2296-DKZFP,0,0.022649780844750198
4800-VHZKI,0,0.2688980045792686
3001-CBHLQ,0,0.4911139271063504
4283-IVYCI,0,0.20656113162552295
1734-ZMNTZ,0,0.19276081308093906
3957-SQXML,0,0.08123734550077967
0080-OROZO,0,0.4588103681267325
1702-CCFNJ,0,0.039046938666473914
4323-SADQS,0,0.34477352721919174
0511-JTEOY,1,0.6651203923446822
0577-WHMEV,1,0.6582646563748488
4188-FRABG,0,0.24686168314572532
3873-NFTGI,0,0.17339501386615364
4176-FXYBO,0,0.2717353326065262
9470-RTWDV,0,0.11104673572828049
8910-LEDAG,0,0.323171462156772
5849-ASHZJ,0,0.1068538310830542
2450-ZKEED,0,0.19276081308093906
0621-HJWXJ,0,0.12005734389612685
4361-FEBGN,0,0.046072059241014186
2897-DOVND,1,0.7790776041846639
5201-USSQZ,0,0.40283276639616905
4983-CCWMC,1,0.6456121872768162
7244-KXYZN,0,0.11986558037618388
8908-SLFCJ,0,0.1342236740496569
5549-ZGHFB,0,0.04242073307889192
4801-JZAZL,0,0.30685310372755253
1307-TVUFB,0,0.25259983082764725
5868-YWPDW,1,0.7479143478623443
0743-HNPFG,0,0.040700374039141785
1442-OKRJE,0,0.10702730948155079
5945-AZYHT,0,0.15185192070300577
7501-IWUNG,0,0.026807107553743173
3374-PZLXD,0,0.08123734550077967
0326-VDYXE,0,0.1574991651676763
6682-QJDGB,0,0.06387492598648281
5804-HYIEZ,0,0.1574991651676763
2750-BJLSB,0,0.33548691005381615
0604-THJFP,0,0.029155423653399824
1208-DNHLN,0,0.12449789072905004
8357-EQXFO,1,0.7396835854033453
1098-KFQEC,0,0.03446474139410803
5207-PLSTK,0,0.2688980045792686
1116-DXXDF,0,0.4163166732603229
0156-FVPTA,0,0.21584997061374767
8982-NHAVY,0,0.3924868946776751
5232-NXPAY,0,0.04800811041056025
8802-UNOJF,1,0.5525682647622944
2824-MYYBN,0,0.4374487785795983
3908-MKIMJ,0,0.036369321789201055
6968-MHOMU,0,0.030403256644551315
8020-BWHYL,1,0.520355813189128
2208-NKVVH,0,0.05655059980006469
8990-YOZLV,0,0.019124515038408212
9048-JVYVF,0,0.3847787300411711
3764-MNMOI,0,0.05002125264933122
9695-IDRZR,0,0.323171462156772
6486-LHTMA,1,0.5019117087770266
0031-PVLZI,0,0.2441969865188569
7615-ESMYF,0,0.395053543667773
4228-ZGYUW,1,0.7638509234302494
6942-LBFDP,0,0.2604914619161556
2995-UPRYS,0,0.2692552530766152
2636-ALXXZ,1,0.7864224433943903
5847-MXBEO,0,0.12928292457495782
0253-ZTEOB,0,0.08218037493063193
6917-IAYHD,0,0.2688980045792686
5236-XMZJY,0,0.05889979466480177
2995-YWTCD,0,0.1445837634176073
8184-WMOFI,0,0.025702957773731997
4373-MAVJG,1,0.5311254978139569
3863-IUBJR,0,0.18612855819238305
3450-WXOAT,0,0.05002125264933122
7130-CTCUS,0,0.16135989166631987
3130-ICDUP,1,0.6554317673162003
7954-MLBUN,0,0.3521389898414163
5876-QMYLD,0,0.12449789072905004
5240-CAOYT,0,0.15024027257379474
9402-ORRAH,1,0.6679139846968821
1680-VDCWW,0,0.18612855819238305
0839-JTCUD,0,0.021713045481613708
1053-MXTTK,0,0.08466084751657292
3174-RKMOW,0,0.4588103681267325
4878-BUNFV,0,0.05889979466480177
8225-BTJAU,1,0.7139691162151873
9798-DRYDS,0,0.15559978430056137
4021-RQSNY,1,0.5234918627301502
7047-YXDMZ,0,0.1342236740496569
7698-YFGEZ,0,0.2688980045792686
9526-JAWYF,1,0.5556735414050378
7126-RBHSD,1,0.6484825107343067
9518-XXBXE,1,0.7139691162151873
3720-DBRWL,0,0.040700374039141785
7032-LMBHI,0,0.07207541357438611
8627-EHGIP,0,0.05428969651104287
1240-HCBOH,0,0.020814225980072338
4250-ZBWLV,0,0.1693044650123906
9134-CEQMF,1,0.7396835854033453
8937-RDTHP,1,0.6651203923446822
2672-DZUOY,0,0.40542192148011913
2220-IAHLS,0,0.2688980045792686
4128-ETESU,0,0.33548691005381615
7452-FOLON,0,0.0665069355597691
8071-SBTRN,0,0.09160016168452648
4163-HFTUK,0,0.0729205295077857
2874-YXVVA,0,0.46955325424387223
3806-YAZOV,0,0.25225705227743905
0839-QNXME,0,0.09510192213208038
2026-TGDHM,1,0.7396835854033453
8033-ATFAS,0,0.0665069355597691
4026-SKKHW,0,0.25225705227743905
3370-HXOPH,1,0.7715535523550988
2589-AYCRP,0,0.04242073307889192
6614-VBEGU,0,0.11986558037618388
6777-TGHTM,0,0.17365551814755334
3177-LASXD,1,0.7864224433943903
8782-NUUOL,0,0.027957328431414467
7603-USHJS,1,0.5525682647622944
5799-JRCZO,0,0.02464313487867964
5855-EIBDE,0,0.19986176542321216
1891-FZYSA,0,0.16331598599239316
7426-GSWPO,0,0.11556844722830358
5256-SKJGO,0,0.042934223254408405
8648-PFRMP,0,0.28000082324865266
2720-FVBQP,0,0.2286066876672232
1374-DMZUI,1,0.7638509234302494
4737-HOBAX,0,0.02464313487867964
2404-JIBFC,0,0.03446474139410803
6953-PBDIN,0,0.018330840903134228
9365-SRSZE,1,0.544984656286224
6855-VLGOS,0,0.03077595413492522
2720-WGKHP,1,0.7790776041846639
5158-RIVOP,0,0.19276081308093906
6773-LQTVT,0,0.09888474144270362
8329-UTMVM,0,0.3924868946776751
2189-UXTKY,0,0.21584997061374767
9227-LUNBG,0,0.40542192148011913
5150-LJNSR,0,0.3521389898414163
2452-SNHFZ,0,0.21403566811737645
3566-HJGPK,0,0.2688980045792686
4123-FCVCB,0,0.18612855819238305
9589-ABEPT,0,0.09525835607960839
8313-AFGBW,0,0.08549778256842645
6121-TNHBO,0,0.02464313487867964
6402-EJMWF,0,0.2441969865188569
2215-ZAFGX,1,0.7227081318988651
9907-SWKKF,0,0.2688980045792686
6365-HITVU,0,0.017569514541511944
4012-ZTHBR,0,0.2232507725722666
2533-QVMSK,0,0.2161575787983916
0345-HKJVM,1,0.7479143478623443
6896-SRVYQ,0,0.36496308562451124
2082-OJVTK,1,0.5234918627301502
2528-HFYZX,1,0.6484825107343067
3523-QRQLL,0,0.12928292457495782
8699-ASUFO,1,0.6051636488126233
3807-XHCJH,0,0.40542192148011913
2608-BHKFN,1,0.6356683203125503
1535-VTJOQ,0,0.11986558037618388
7274-CGTOD,0,0.025702957773731997
3397-AVTKU,0,0.10001032824030077
6778-YSNIH,0,0.395053543667773
4584-LBNMK,0,0.052114191517992715
0641-EVBOJ,1,0.6456121872768162
9133-AYJZG,0,0.4343583237304072
2384-OVPSA,0,0.06923937721801132
1307-ATKGB,1,0.5768879999095754
5627-TVBPP,0,0.07807113499171692
8329-GWVPJ,0,0.19304361733615416
1212-GLHMD,1,0.6456121872768162
1867-TJHTS,0,0.14480856532751665
9955-QOPOY,0,0.019124515038408212
2830-LEWOA,0,0.12948753760659212
7762-URZQH,0,0.10702730948155079
1303-SRDOK,0,0.16160584967165367
2886-KEFUM,0,0.20187925130026013
1169-SAOCL,0,0.19986176542321216
9441-QHEVC,0,0.2688980045792686
8191-XWSZG,0,0.039046938666473914
0318-ZOPWS,0,0.04421045848198744
0667-NSRGI,0,0.046072059241014186
2208-UGTGR,0,0.2549800291923446
9700-ISPUP,0,0.31611625509093494
3990-QYKBE,0,0.4374487785795983
8050-WYBND,0,0.12928292457495782
3181-MIZBN,0,0.26291986280805946
7234-FECYN,1,0.7312806390961939
5044-XDPYX,0,0.040700374039141785
5384-ZTTWP,0,0.16729098582425475
4186-ZBUEW,0,0.07501825096785827
3376-BMGFE,1,0.6356683203125503
1251-KRREG,0,0.2604914619161556
1918-ZBFQJ,1,0.6867901117287302
0147-ESWWR,0,0.4163166732603229
5804-JMYIO,0,0.0665069355597691
5337-IIWKZ,0,0.14083697623928818
1682-VCOIO,0,0.12449789072905004
8779-YIQQA,0,0.1342236740496569
1183-CANVH,0,0.12449789072905004
7079-QRCBC,1,0.5768879999095754
3198-VELRD,1,0.6456121872768162
7975-JMZNT,0,0.021713045481613708
3313-QKNKB,0,0.231153291678997
7824-PANSQ,0,0.14480856532751665
7670-ZBPOQ,0,0.030403256644551315
6050-FFXES,0,0.09525835607960839
6987-XQSJT,0,0.2717353326065262
0822-QGCXA,0,0.18153364014643228
5816-JMLGY,0,0.018330840903134228
7325-ENZFI,0,0.0665069355597691
9480-BQJEI,0,0.12469601515828768
4818-DRBQT,0,0.37209015645613563
6857-VWJDT,1,0.6651203923446822
8107-KNCIM,1,0.6774243686741674
5167-GBFRE,0,0.2441969865188569
3569-EDBPQ,1,0.5768879999095754
4673-KKSLS,1,0.5019117087770266
6804-GDMOI,0,0.2161575787983916
4534-WGCIR,0,0.030403256644551315
0730-BGQGF,0,0.017569514541511944
7156-MHUGY,1,0.6867901117287302
4124-MMETB,0,0.44499944818108994
2863-IMQDR,0,0.0485858025032886
5281-BUZGT,0,0.44810563530184533
2988-GBIVW,0,0.1574991651676763
5889-JTMUL,0,0.3072395870091933
5774-QPLTF,0,0.04242073307889192
1173-XZPYF,1,0.7050670806480704
9396-ZSFLL,0,0.16729098582425475
5879-HMFFH,0,0.01683926559948122
8749-CLJXC,0,0.2688980045792686
3097-FQTVJ,0,0.06134023358766081
2077-DDHJK,0,0.019951854617972185
0655-RBDUG,1,0.6051636488126233
2511-MORQY,0,0.04242073307889192
2468-SJFLM,1,0.6651203923446822
7105-MXJLL,0,0.11104673572828049
4825-XJGDM,0,0.026807107553743173
7629-WIXZF,0,0.34477352721919174
9210-IAHGH,0,0.22107887045047342
5148-HKFIR,0,0.139323029248692
3097-IDVPU,0,0.1445837634176073
8947-YRTDV,0,0.34234867947175024
6481-ESCNL,0,0.37209015645613563
5331-RGMTT,0,0.16754417834029062
8970-ANWXO,0,0.12449789072905004
6844-DZKRF,0,0.2604914619161556
5514-YQENT,0,0.39548773206123056
6752-APNJL,0,0.05889979466480177
1478-VPOAD,0,0.40542192148011913
6693-DJWTY,0,0.07807113499171692
6532-YLWSI,0,0.03745805059140385
8961-QDZZJ,0,0.24686168314572532
3334-CTHOL,0,0.2688980045792686
0187-QSXOE,1,0.7396835854033453
8967-SZQAS,0,0.28000082324865266
6633-SYEUS,0,0.4343583237304072
8884-FEEWR,0,0.07807113499171692
6629-LADHQ,0,0.2604914619161556
7240-FQLHE,0,0.48797321066363764
1360-RCYRT,0,0.12449789072905004
0515-YPMCW,1,0.6651203923446822
0328-GRPMV,1,0.7864224433943903
6496-JDSSB,1,0.5947971531561791
2696-NARTR,1,0.7050670806480704
7515-LODFU,0,0.019124515038408212
4903-CNOZC,0,0.09888474144270362
1579-KLYDT,1,0.7396835854033453
1421-HCERK,0,0.36205514272353817
2320-YKQBO,0,0.22107887045047342
3389-YGYAI,1,0.7312806390961939
4625-LAMOB,0,0.05428969651104287
2737-YNGYW,1,0.7790776041846639
2920-RNCEZ,1,0.6651203923446822
9135-MGVPY,0,0.019124515038408212
8229-BUJHX,0,0.017569514541511944
9546-KDTRB,0,0.1445837634176073
4342-HFXWS,0,0.046072059241014186
2800-QQUSO,0,0.3852088165473703
0701-RFGFI,0,0.19986176542321216
8747-UDCOI,0,0.022649780844750198
7971-HLVXI,0,0.08466084751657292
9750-BOOHV,0,0.08792300288570193
3540-RZJYU,1,0.6679139846968821
8514-VZHEB,0,0.029155423653399824
9667-TKTVZ,0,0.2604914619161556
0956-SYCWG,0,0.288791098030053
8945-GRKHX,1,0.7864224433943903
5175-AOBHI,0,0.2441969865188569
3642-GKTCT,0,0.12948753760659212
7932-WPTDS,0,0.40542192148011913
7321-VGNKU,1,0.7790776041846639
6127-IYJOZ,0,0.2688980045792686
0887-HJGAR,0,0.2688980045792686
9281-CEDRU,0,0.019951854617972185
5815-HGGHV,0,0.139323029248692
1429-UYJSV,0,0.18612855819238305
6338-AVWCY,0,0.25225705227743905
5893-PYOLZ,0,0.03305589695324805
8017-LXHFA,1,0.5873948399182638
3795-CAWEX,0,0.09160016168452648
4770-QAZXN,0,0.17967370610722466
7279-BUYWN,0,0.39548773206123056
6827-IEAUQ,0,0.1068538310830542
0613-WUXUM,0,0.018330840903134228
6867-ACCZI,0,0.11986558037618388
3079-BCHLN,0,0.04800811041056025
7587-RZNME,0,0.3847787300411711
5843-TTHGI,0,0.1500085175308146
7816-VGHTO,0,0.2286066876672232
6112-KTHFQ,0,0.17967370610722466
6814-ZPWFQ,0,0.040700374039141785
8705-WZCYL,0,0.40542192148011913
4116-IQRFR,0,0.2441969865188569
7252-NTGSS,0,0.2688980045792686
4283-FUTGF,1,0.6285463673560624
7636-XUHWW,0,0.2604914619161556
1254-IZEYF,1,0.5019117087770266
4832-VRBMR,0,0.11122617363017386
0909-SELIE,0,0.026807107553743173
9146-JRIOX,0,0.17339501386615364
2990-HWIML,1,0.7479143478623443
0495-RVCBF,1,0.7864224433943903
9200-NLNPD,0,0.03305589695324805
2322-VCZHZ,1,0.5873948399182638
7601-DHFWZ,0,0.046072059241014186
7995-ZHHNZ,0,0.05889979466480177
7978-DKUQH,1,0.566311148262075
3806-DXQOM,0,0.37460566909393667
5046-NUHWD,0,0.16904915255639325
3733-UOCWF,0,0.12948753760659212
8590-YFFQO,0,0.018330840903134228
1791-PQHBB,0,0.2604914619161556
5699-BNCAS,0,0.017569514541511944
7569-NMZYQ,0,0.08466084751657292
2207-RYYRL,0,0.039046938666473914
1754-GKYPY,0,0.44499944818108994
9097-ZUBYC,0,0.17339501386615364
2754-VDLTR,1,0.7139691162151873
5090-EMGTC,0,0.13954098594999795
2829-HYVZP,0,0.09888474144270362
5276-KQWHG,1,0.7790776041846639
9347-AERRL,0,0.12449789072905004
3445-HXXGF,0,0.05493861420358614
5539-TMZLF,1,0.7864224433943903
5539-HIVAK,0,0.10280093414769577
4933-BSAIP,0,0.06387492598648281
1796-JANOW,0,0.2604914619161556
8544-GOQSH,1,0.5311254978139569
4482-FTFFX,0,0.3645422001759194
3011-WQKSZ,0,0.23858878654061935
3473-XIIIT,1,0.6582646563748488
7459-RRWQZ,0,0.16729098582425475
5845-BZZIB,0,0.07807113499171692
0961-ZWLVI,0,0.19986176542321216
9795-VOWON,0,0.22107887045047342
6339-TBELP,0,0.08806877744156029
2580-ATZSQ,0,0.022649780844750198
2773-OVBPK,0,0.10296859120534638
1094-BKOSX,0,0.052114191517992715
0883-EIBTI,0,0.2604914619161556
1431-AIDJQ,0,0.08452019107096602
8149-RSOUN,1,0.7864224433943903
8640-SDGKB,0,0.37460566909393667
4177-JPDFU,0,0.18612855819238305
7851-WZEKY,1,0.7790776041846639
1442-BQPVU,0,0.288791098030053
3537-RYBHH,0,0.04800811041056025
1636-NTNCO,0,0.2441969865188569
1518-VOWAV,0,0.3255277128512661
1845-CSBRZ,0,0.44499944818108994
2430-RRYUW,0,0.021713045481613708
8861-HGGKB,1,0.7139691162151873
2866-IKBTM,0,0.2688980045792686
2853-CWQFQ,0,0.2688980045792686
4163-NCJAK,0,0.05002125264933122
5724-BIDBU,0,0.07898056958133495
3638-WEABW,0,0.030403256644551315
2169-RRLFW,0,0.017569514541511944
5968-HYJRZ,0,0.04800811041056025
2223-KAGMX,0,0.16729098582425475
4909-JOUPP,0,0.08466084751657292
6161-ERDGD,0,0.03209085217962555
1488-PBLJN,0,0.08466084751657292
9469-WEJBT,0,0.4374487785795983
3002-WQZWT,1,0.5234918627301502
4760-THGOT,0,0.37503131624485425
5743-KHMNA,0,0.017569514541511944
4523-WXCEF,0,0.231153291678997
4804-NCPET,0,0.1445837634176073
8999-BOHSE,1,0.5632217785760338
4884-TVUQF,0,0.15024027257379474
0220-EBGCE,1,0.7790776041846639
4905-JEFDW,0,0.30685310372755253
7225-IILWY,0,0.019951854617972185
3621-CEOVK,1,0.6774243686741674
0975-UYDTX,0,0.11104673572828049
4962-CHQPW,0,0.09888474144270362
5811-IWXYM,0,0.17994158990183862
3871-IKPYH,1,0.7864224433943903
7781-EWARA,0,0.03345998961628462
7493-TPUWZ,1,0.7864224433943903
8434-PNQZX,0,0.05889979466480177
2929-QNSRW,0,0.2549800291923446
5650-YLIBA,1,0.5019117087770266
1173-NOEYG,0,0.3924868946776751
5066-GFJMM,0,0.25225705227743905
5583-SXDAG,1,0.7864224433943903
0603-TPMIB,0,0.029155423653399824
8612-GXIDD,0,0.18612855819238305
5609-IMCGG,1,0.520355813189128
9828-AOQLM,0,0.40542192148011913
1898-JSNDC,0,0.0665069355597691
5110-CHOPY,0,0.05062188118815509
5067-DGXLL,0,0.2604914619161556
3544-FBCAS,0,0.01683926559948122
3317-HRTNN,0,0.3645422001759194
9840-DVNDC,1,0.6154364045421223
3398-GCPMU,0,0.01683926559948122
1982-FEBTD,0,0.12449789072905004
7410-KTVFV,0,0.1500085175308146
2229-DPMBI,0,0.21373025620441935
5512-IDZEI,0,0.08893612902289075
2890-WFBHU,0,0.029155423653399824
2880-FPNAE,1,0.7790776041846639
0564-MUUQK,0,0.4664240428634939
9357-UJRUN,0,0.20158673660773374
1301-LOPVR,0,0.09888474144270362
5457-COLHT,0,0.019124515038408212
3489-HHPFY,1,0.7790776041846639
7319-ZNRTR,0,0.19472406329658962
2387-KDZQY,0,0.15559978430056137
9741-YLNTD,1,0.6154364045421223
3315-TOTBP,1,0.520355813189128
2408-TZMJL,0,0.231153291678997
0848-ZGQIJ,1,0.5095671759802481
8711-LOBKY,0,0.029155423653399824
0177-PXBAT,0,0.332690785613822
4112-LUEIZ,1,0.7139691162151873
5214-CHIWJ,0,0.1068538310830542
5365-LLFYV,0,0.2604914619161556
6128-CZOMY,0,0.40542192148011913
7129-AZJDE,0,0.323171462156772
2651-ZCBXV,0,0.16754417834029062
5663-QBGIS,0,0.08466084751657292
3896-ZVNET,0,0.11986558037618388
5129-JLPIS,1,0.566311148262075
4526-RMTLL,0,0.21373025620441935
4945-RVMTE,0,0.10280093414769577
7619-ODSGN,0,0.20158673660773374
0603-OLQDC,0,0.18612855819238305
4086-ATNFV,0,0.08123734550077967
9444-JTXHZ,1,0.7864224433943903
0506-YLVKJ,0,0.05002125264933122
8917-SZTTJ,0,0.027957328431414467
8183-ONMXC,1,0.7790776041846639
3785-NRHYR,0,0.2688980045792686
4194-WHFCB,0,0.13954098594999795
2731-GJRDG,0,0.34234867947175024
5640-CAXOA,0,0.09510192213208038
5996-NRVXR,0,0.2692552530766152
9327-QSDED,0,0.21373025620441935
4806-KEXQR,1,0.7638509234302494
7473-ZBDSN,0,0.17339501386615364
7668-XCFYV,1,0.6484825107343067
1264-FUHCX,0,0.04421045848198744
8847-GEOOQ,0,0.027957328431414467
1120-BMWUB,0,0.16135989166631987
2189-WWOEW,1,0.520355813189128
4873-ILOLJ,1,0.5768879999095754
3597-YASZG,0,0.09160016168452648
9450-TRJUU,0,0.4588103681267325
9909-IDLEK,0,0.4664240428634939
2842-BCQGE,0,0.24453239441003638
7156-MXBJE,0,0.05655059980006469
6048-NJXHX,0,0.1080592507862204
2054-PJOCK,0,0.027957328431414467
8752-IMQOS,0,0.236313064668572
5606-AMZBO,1,0.5738172733675464
2253-KPMNB,0,0.019124515038408212
9685-WKZGT,1,0.6774243686741674
2265-CYWIV,1,0.7638509234302494
2193-SFWQW,0,0.08466084751657292
3235-ETOOB,1,0.7312806390961939
6457-GIRWB,1,0.7864224433943903
5702-KVQRD,0,0.03209085217962555
6032-KRXXO,1,0.5127077075950974
3070-DVEYC,1,0.6051636488126233
2105-PHWON,0,0.332690785613822
5570-PTWEH,1,0.6456121872768162
5012-YSPJJ,0,0.09144912802469732
9286-BHDQG,0,0.01683926559948122
7706-YLMQA,0,0.018330840903134228
2982-VPSGI,1,0.7050670806480704
8073-IJDCM,0,0.2688980045792686
9906-NHHVC,0,0.022649780844750198
8041-TMEID,0,0.12005734389612685
3422-WJOYD,0,0.10280093414769577
1122-JWTJW,1,0.6651203923446822
2030-BTZRO,0,0.2286066876672232
0019-GFNTW,0,0.03305589695324805
2931-VUVJN,0,0.231153291678997
2335-GSODA,0,0.12449789072905004
8221-HVAYI,0,0.07807113499171692
7297-DVYGA,0,0.040700374039141785
6543-CPZMK,0,0.3255277128512661
2904-GGUAZ,0,0.08466084751657292
2088-IEBAU,0,0.036369321789201055
0375-HVGXO,0,0.40542192148011913
5879-SESNB,1,0.7050670806480704
4797-AXPXK,0,0.40542192148011913
7527-QNRUS,0,0.15559978430056137
4132-KALRO,1,0.6356683203125503
3256-EZDBI,0,0.040700374039141785
8532-UEFWH,0,0.039046938666473914
8543-MSDMF,0,0.3847787300411711
9894-EZEWG,1,0.6651203923446822
3913-FCUUW,0,0.01683926559948122
2979-SXESE,1,0.6484825107343067
7293-LSCDV,0,0.027957328431414467
7649-PHJVR,0,0.19276081308093906
5440-VHLUL,0,0.09525835607960839
0112-QAWRZ,1,0.5095671759802481
6240-EURKS,0,0.24652412289949915
9600-NAXZN,0,0.37503131624485425
4063-EIKNQ,0,0.19276081308093906
6425-YQLLO,0,0.10702730948155079
7142-HVGBG,0,0.37503131624485425
5973-EJGDP,0,0.29812315840494535
4726-DLWQN,0,0.04242073307889192
2604-IJPDU,1,0.6184066759385842
2208-NQBCT,1,0.5556735414050378
5149-CUZUJ,0,0.3822366568056084
2014-MKGMH,0,0.34518398673884587
0679-IDSTG,1,0.7864224433943903
2550-AEVRU,0,0.0572249065373232
5052-PNLOS,1,0.6456121872768162
9029-FEGVJ,0,0.34234867947175024
3750-CKVKH,1,0.7790776041846639
0229-LFJAF,0,0.01683926559948122
9371-BITHB,0,0.039046938666473914
8756-RDDLT,0,0.036369321789201055
0623-EJQEG,0,0.188317488479466
5678-VFNEQ,0,0.08806877744156029
0685-MLYYM,1,0.7790776041846639
8076-FEZKJ,0,0.19957144301982704
5993-BQHEA,0,0.18612855819238305
4767-HZZHQ,0,0.36205514272353817
1389-CXMLU,1,0.7715535523550988
3882-IYOIJ,0,0.1344348993756857
1409-PHXTF,0,0.2717353326065262
5248-RPYWW,0,0.01683926559948122
7993-NQLJE,1,0.520355813189128
5928-QLDHB,1,0.7227081318988651
4351-QLCSU,0,0.2688980045792686
1194-SPVSP,0,0.2688980045792686
9643-YBLUR,0,0.20656113162552295
2533-TIBIX,0,0.16729098582425475
7176-WIONM,0,0.18612855819238305
9499-XPZXM,0,0.01683926559948122
4566-NECEV,1,0.7559707243729012
5243-SAOTC,0,0.16754417834029062
9927-DSWDF,1,0.5978226636062309
3585-YNADK,0,0.03170275209119698
9853-JFZDU,0,0.1356909451642629
4395-PZMSN,1,0.7559707243729012
4685-ERGHK,0,0.24686168314572532
2292-XQWSV,0,0.06387492598648281
5566-SOEZD,0,0.3924868946776751
5854-KSRBJ,0,0.018330840903134228
3474-BAFSJ,0,0.03170275209119698
2569-WGERO,0,0.01683926559948122
8571-ZCMCX,0,0.04800811041056025
4299-OPXEJ,0,0.03305589695324805
3877-JRJIP,0,0.40542192148011913
1101-SSWAG,0,0.2713760155518512
8621-MNIHH,0,0.46955325424387223
6661-EIPZC,0,0.046072059241014186
5671-UUNXD,0,0.3072395870091933
0310-SUCIN,0,0.017569514541511944
1432-FPAXX,0,0.16904915255639325
0327-WFZSY,0,0.4163166732603229
5857-TYBCJ,0,0.36496308562451124
9373-WSLOY,0,0.14614516907101543
2805-EDJPQ,0,0.1558385938079918
0330-IVZHA,1,0.7559707243729012
7964-VEXDG,1,0.6081627473714756
4088-YLDSU,0,0.2632720290193126
7168-HDQHG,0,0.07501825096785827
3161-GETRM,0,0.323171462156772
9897-KXHCM,1,0.7715535523550988
7976-CICYS,0,0.2441969865188569
0040-HALCW,0,0.035931399616496246
4702-IOQDC,1,0.7864224433943903
1349-WXNGG,0,0.2688980045792686
8778-LMWTJ,1,0.7227081318988651
6034-YMTOB,1,0.6256072389653914
0962-CQPWQ,0,0.025702957773731997
7696-CFTAT,0,0.07207541357438611
7216-KAOID,0,0.06134023358766081
1200-TUZHR,1,0.7312806390961939
6692-YQHXC,1,0.5095671759802481
3154-CFSZG,0,0.33548691005381615
3258-SYSWS,0,0.08466084751657292
8467-WYNSR,0,0.12928292457495782
2126-GSEGL,0,0.018330840903134228
5712-AHQNN,0,0.37503131624485425
2144-BFDSO,0,0.19304361733615416
3948-FVVRP,0,0.20656113162552295
8626-PTQGE,0,0.019124515038408212
0480-KYJVA,0,0.01683926559948122
7638-QVMVY,1,0.7396835854033453
3160-TYXLT,0,0.03745805059140385
4195-SMMNX,0,0.2604914619161556
4896-CPRPF,0,0.07807113499171692
0130-SXOUN,0,0.10702730948155079
6625-FLENO,0,0.030403256644551315
5598-IKHQQ,0,0.01683926559948122
2324-EFHVG,0,0.11556844722830358
7470-DYNOE,0,0.06729149356403015
9103-TCIHJ,0,0.16729098582425475
8755-IWJHN,0,0.09525835607960839
0423-UDIJQ,0,0.20656113162552295
8905-IAZPF,0,0.09525835607960839
6637-KYRCV,0,0.3645422001759194
0301-KOBTQ,0,0.08792300288570193
2946-KIQSP,0,0.07807113499171692
6728-VOIFY,0,0.20187925130026013
2135-RXIHG,0,0.40542192148011913
8173-RXAYP,0,0.11986558037618388
8280-MQRQN,0,0.2688980045792686
4652-ODEVH,0,0.052114191517992715
9351-LZYGF,0,0.05889979466480177
6870-ZWMNX,0,0.018330840903134228
1197-BVMVG,1,0.7638509234302494
7206-PQBBZ,1,0.7050670806480704
2690-DVRVK,0,0.3645422001759194
3566-VVORZ,0,0.18612855819238305
3212-KXOCR,0,0.039046938666473914
7284-ZZLOH,0,0.052114191517992715
7639-SUPCW,0,0.12928292457495782
4827-DPADN,0,0.01683926559948122
0096-FCPUF,0,0.09510192213208038
5574-NXZIU,0,0.12005734389612685
0621-CXBKL,0,0.03745805059140385
2357-COQEK,1,0.5342541574603202
0754-EEBDC,0,0.2441969865188569
3798-EPWRR,0,0.395053543667773
8347-GDTMP,0,0.023625952494041355
3753-TSEMP,1,0.6679139846968821
0750-EKNGL,0,0.22107887045047342
4952-YSOGZ,1,0.7638509234302494
0484-FFVBJ,0,0.08792300288570193
3604-WLABM,0,0.31611625509093494
6035-BXTTY,0,0.08792300288570193
4685-TFLLS,0,0.1500085175308146
5647-URDKA,0,0.21373025620441935
7009-LGECI,0,0.2441969865188569
5027-YOCXN,0,0.18640387898537794
5792-JALQC,0,0.039046938666473914
5378-IKEEG,0,0.40542192148011913
5149-QYTTU,0,0.08806877744156029
7876-DNYAP,0,0.019124515038408212
2017-CCBLH,0,0.21373025620441935
9552-TGUZV,1,0.5947971531561791
6127-ISGTU,1,0.6582646563748488
2400-FEQME,0,0.03446474139410803
1658-XUHBX,0,0.13954098594999795
9537-JALFH,0,0.019124515038408212
9101-BWFSS,0,0.3072395870091933
3345-PBBFH,0,0.21373025620441935
6990-YNRIO,0,0.11122617363017386
0661-KQHNK,0,0.2286066876672232
6994-KERXL,0,0.37460566909393667
5376-PCKNB,0,0.08466084751657292
6050-IJRHS,0,0.1574991651676763
7722-VJRQD,0,0.01683926559948122
3778-FOAQW,0,0.11986558037618388
0916-QOFDP,1,0.6774243686741674
8212-CRQXP,0,0.44499944818108994
8919-FYFQZ,0,0.09618904611766392
3325-FUYCG,1,0.5342541574603202
9364-YKUVW,0,0.16729098582425475
1866-OBPNR,1,0.6651203923446822
8565-WUXZU,0,0.08466084751657292
9572-MTILT,0,0.231153291678997
1625-JAIIY,0,0.1693044650123906
3049-SOLAY,1,0.7715535523550988
3283-WCWXT,0,0.2286066876672232
4455-BFSPD,0,0.12948753760659212
4550-VBOFE,0,0.1574991651676763
7673-LPRNY,0,0.2086286107436561
4391-LNRXK,0,0.44499944818108994
2351-BKRZW,0,0.05655059980006469
8364-TRMMK,0,0.25225705227743905
3620-MWJNE,0,0.2604914619161556
7576-JMYWV,0,0.34518398673884587
2239-CGBUZ,0,0.040700374039141785
7658-UYUQS,0,0.4556912463098116
8468-EHYJA,0,0.24686168314572532
1621-YNCJH,0,0.3045709852177378
8181-YHCMF,0,0.019951854617972185
0397-ZXWQF,0,0.020814225980072338
3679-XASPY,0,0.40542192148011913
2724-FJDYW,0,0.0665069355597691
7801-CEDNV,0,0.1068538310830542
9142-XMYJH,0,0.09888474144270362
6854-EXGSF,0,0.21373025620441935
4854-CIDCF,1,0.7715535523550988
9537-VHDTA,0,0.2688980045792686
7109-CQYUZ,0,0.039046938666473914
4987-GQWPO,0,0.15559978430056137
9714-EDSUC,1,0.6356683203125503
7056-IMHCC,0,0.2803671658355744
8118-LSUEL,1,0.5873948399182638
3787-TRIAL,0,0.2232507725722666
2482-CZGBB,1,0.7139691162151873
3549-ZTMNH,0,0.18612855819238305
1480-IVEVR,0,0.31379643307226285
5236-PERKL,0,0.15024027257379474
5055-MGMGF,0,0.188317488479466
2625-TRCZQ,0,0.0729205295077857
8433-WXGNA,1,0.7790776041846639
9933-QRGTX,0,0.2235659206692204
2519-TWKFS,0,0.11538291350579993
5327-CNLUQ,0,0.2068589943359248
7321-ZNSLA,0,0.17967370610722466
8205-OTCHB,0,0.12928292457495782
8399-YNDCH,0,0.1342236740496569
9086-YJYXS,0,0.08123734550077967
2672-OJQZP,0,0.2688980045792686
3413-DHLPB,0,0.1344348993756857
0665-XHDJU,0,0.14637198327788606
2057-BOYKM,0,0.08466084751657292
5914-DVBWJ,1,0.6385740956082743
7048-GXDAY,0,0.4163166732603229
7251-LJBQN,0,0.2692552530766152
8749-JMNKX,0,0.18640387898537794
0178-SZBHO,0,0.33548691005381615
0674-GCDXG,0,0.02464313487867964
4277-BWBML,0,0.01683926559948122
0616-ATFGB,0,0.40542192148011913
4566-QVRRW,0,0.30685310372755253
8840-DQLGN,0,0.31379643307226285
5915-DGNVC,0,0.07898056958133495
2433-KMEAS,0,0.21584997061374767
4343-EJVQB,1,0.6051636488126233
6726-WEXXK,1,0.544984656286224
8773-HHUOZ,0,0.15559978430056137
7881-EVUAD,0,0.395053543667773
6128-AQBMT,0,0.1080592507862204
7134-HBPBS,0,0.08466084751657292
8237-ULIXL,0,0.01683926559948122
6981-TDRFT,0,0.09618904611766392
5195-KPUNQ,0,0.17365551814755334
9732-KPKBW,0,0.40542192148011913
2320-TZRRH,0,0.139323029248692
5404-GGUKR,0,0.3645422001759194
8685-WHQPW,0,0.44499944818108994
1498-NHTLT,0,0.052738555796699726
0430-IHCDJ,0,0.2713760155518512
9689-PTNPG,1,0.7790776041846639
7752-XUSCI,0,0.2235659206692204
4644-PIZRT,0,0.15559978430056137
6288-LBEAR,0,0.4343583237304072
7677-SJJJK,0,0.21373025620441935
7595-EUIVN,1,0.7864224433943903
1227-UDMZR,0,0.01683926559948122
6101-IMRMM,1,0.6154364045421223
0655-YDGFJ,0,0.09888474144270362
6278-FEPBZ,0,0.20656113162552295
0263-FJTQO,0,0.04242073307889192
6308-CQRBU,0,0.15185192070300577
8200-KLNYW,0,0.1342236740496569
4745-LSPLO,0,0.2688980045792686
6583-QGCSI,0,0.3072395870091933
6518-PPLMZ,0,0.03745805059140385
1193-RTSLK,0,0.28658776969790284
9699-UBQFS,0,0.37503131624485425
1299-AURJA,0,0.018330840903134228
4274-OWWYO,1,0.7864224433943903
4908-XAXAY,0,0.19986176542321216
6461-SZMCV,0,0.017569514541511944
6641-XRPSU,0,0.323171462156772
6542-LWGXJ,0,0.25225705227743905
8903-WMRNW,1,0.6679139846968821
5312-UXESG,0,0.2608415265056009
3279-DYZQM,0,0.017569514541511944
5480-XTFFL,0,0.09144912802469732
4884-ZTHVF,1,0.7312806390961939
3045-XETSH,1,0.7139691162151873
4603-JANFB,1,0.7864224433943903
8610-ZIKJJ,0,0.2604914619161556
6670-MFRPK,0,0.09525835607960839
5948-UJZLF,0,0.2604914619161556
3094-JOJAI,0,0.48797321066363764
6952-OMNWB,0,0.09904671670200077
1530-ZTDOZ,0,0.04421045848198744
1937-OTUKY,0,0.08466084751657292
7328-ZJAJO,0,0.029155423653399824
6169-PGNCD,0,0.03170275209119698
8276-MQBYC,0,0.29812315840494535
7369-TRPFD,0,0.1445837634176073
5261-QSHQM,0,0.37460566909393667
1832-PEUTS,0,0.12469601515828768
1899-VXWXM,0,0.2068589943359248
3258-ZKPAI,0,0.08466084751657292
3633-CDBUW,0,0.25463512112843584
5229-PRWKT,1,0.7312806390961939
